{
    "models": [
        {
            "path": "models/domino_crown.gltf"
        },
        {
            "path": "models/primitives/plane2.gltf"
        }
    ],
    "renderables": [
        {
            "model": 0,
            "mass": 10.0,
            "lighting": "blinn_phong",
            "engine_selectable": true,
            "transform": {
                "translation": [
                    0.0,
                    -0.25,
                    1.0
                ],
                "orientation": [
                    0.0,
                    0.0,
                    0.0,
                    0.0
                ],
                "scale": [
                    0.9999703168869019,
                    0.9999839067459106,
                    0.9999740719795227
                ]
            }
        },
        {
            "model": 1,
            "mass": 0.0,
            "lighting": "blinn_phong",
            "engine_selectable": false,
            "transform": {
                "translation": [
                    0.0,
                    -10.0,
                    0.0
                ],
                "orientation": [
                    0.0,
                    0.0,
                    0.0,
                    0.0
                ],
                "scale": [
                    1.0,
                    1.0,
                    1.0
                ]
            }
        }
    ],
    "skyboxes": [
        {
            "paths": [
                "skybox/skywater/0.png",
                "skybox/skywater/1.png",
                "skybox/skywater/2.png",
                "skybox/skywater/3.png",
                "skybox/skywater/4.png",
                "skybox/skywater/5.png"
            ]
        }
    ],
    "global_lights": [
        {
            "direction": [
                -1.0,
                1.0,
                -1.0
            ],
            "ambient": [
                0.05999999865889549,
                0.05999999865889549,
                0.05999999865889549
            ],
            "diffuse": [
                0.6000000238418579,
                0.6000000238418579,
                0.6000000238418579
            ],
            "specular": [
                0.25999999046325686,
                0.25999999046325686,
                0.25999999046325686
            ]
        }
    ],
    "point_lights": [
        {
            "position": [
                0.0,
                0.0,
                0.0
            ],
            "ambient": [
                0.05000000074505806,
                0.05000000074505806,
                0.05000000074505806
            ],
            "diffuse": [
                0.4000000059604645,
                0.4000000059604645,
                0.4000000059604645
            ],
            "specular": [
                0.5,
                0.5,
                0.5
            ],
            "constant": 0.4000000059604645,
            "linear": 0.07000000029802323,
            "quadratic": 0.03099999949336052
        }
    ]
}
